iteration,find_best_us,split_us,update_info_us,total_us,active_faces,n_vertices
0,4.294,0.232,8.749,13.37,2,9
1,0.103,76306.8,0.649,76307.7,5,16
2,0.214,72389.1,0.977,72390.4,9,26
3,0.291,53305.8,1.147,53307.3,13,36
4,0.284,10698.5,11.089,10710,14,39
5,2343.78,29308.2,11.519,31663.6,15,42
6,0.368,137079,1.435,137081,25,62
7,0.463,186171,13.754,186186,38,89
8,0.439,0.029,20.019,20.562,38,89
9,5881.7,15912.6,10.902,21805.3,39,92
10,0.255,83666.3,20.489,83687.2,45,104
11,8447.27,16764.3,16.244,25228,46,107
12,0.343,75091.4,2.354,75094.2,52,119
13,1.255,0.245,61.241,62.858,52,119
14,8981.38,42395.4,19.683,51396.7,54,123
15,0.377,40871.7,2.767,40875,58,131
16,0.274,64077.1,3.359,64080.9,63,142
17,12374.3,41979.7,25.529,54379.7,65,146
18,0.345,138185,3.634,138189,73,162
19,15001.8,74761.4,3.627,89766.9,78,173
20,0.273,134237,25.41,134263,88,193
21,0.362,129241,24.541,129266,97,212
22,0.331,213812,32.902,213845,113,244
23,0.592,88158.6,36.375,88195.6,120,259
24,0.292,202819,40.094,202859,136,291
25,0.553,79552.6,36.037,79589.3,143,306
26,22664.4,12485.4,28.185,35178.1,144,309
27,0.31,11638.5,39.02,11677.9,145,312
28,0.325,0.057,47.761,48.241,145,312
29,23102.5,42846.7,5.922,65955.3,148,319
30,0.298,0.12,54.531,55.035,148,319
31,0.097,0.074,56.413,56.667,148,319
32,0.055,21264,52.979,21317.1,150,323
33,0.329,57778.6,42.88,57821.9,155,334
34,0.529,0.031,75.483,76.132,155,334
35,0.049,99513.9,36.503,99550.6,163,350
36,0.384,75903.1,32.492,75936.1,170,365
37,0.277,45336.4,53.886,45390.7,174,373
38,0.37,76076.8,43.482,76120.8,181,388
39,0.259,37575.8,9.382,37585.6,184,395
40,0.399,65466.5,49.946,65517,190,407
41,30779.2,30680.6,48.435,61508.3,192,411
42,0.26,25396.5,51.303,25448.1,194,415
43,0.605,111351,49.896,111401,202,431
44,0.453,45843,51.482,45895,206,439
45,0.604,214624,62.406,214687,221,470
46,0.466,83920,6.6,83927.1,227,482
47,0.26,0.031,75.787,76.167,227,482
48,0.048,167696,46.66,167742,239,506
49,0.66,202447,40.328,202488,255,538
50,1.103,12068.9,47.171,12117.3,256,541
51,0.457,77518.6,50.649,77569.8,263,556
52,0.761,0.039,87.385,88.286,263,556
53,0.058,22793.1,68.513,22861.8,265,560
54,0.303,0.101,65.614,66.094,265,560
55,0.046,66883.6,9.682,66893.6,270,571
56,0.981,84049.5,63.585,84114.2,277,586
57,0.377,138836,57.103,138893,287,606
58,0.415,83137.1,62.942,83200.6,294,621
59,55662.2,29021.9,82.195,84766.4,296,625
60,0.4,82321.2,74.017,82395.8,302,637
61,0.372,0.037,78.05,78.553,302,637
62,57827.7,12992.2,56.869,70877,303,640
63,0.45,0.053,96.089,96.695,303,640
64,0.059,0.213,123.701,124.079,303,640
65,0.123,0.041,78.68,78.954,303,640
66,0.058,24909.2,92.753,25002.2,305,644
67,0.334,24811.7,73.532,24885.6,307,648
68,0.446,0.036,98.254,98.837,307,648
69,0.055,0.035,90.883,91.073,307,648
70,0.052,81731.2,68.543,81799.9,314,663
71,59510.8,26298.8,83.61,85893.3,316,667
72,0.715,93648,11.318,93660.1,323,682
73,0.495,24957.2,101.818,25059.7,325,686
74,0.35,0.052,163.109,163.634,325,686
75,0.129,66674.6,69.253,66744.1,330,697
76,0.464,0.07,105.224,105.861,330,697
77,0.057,24043.9,91.054,24135.2,332,701
78,0.465,0.038,106.085,106.69,332,701
79,0.058,26983.6,82.701,27066.5,334,705
80,0.435,24136.3,75.479,24212.3,336,709
81,0.42,0.346,115.416,116.275,336,709
82,0.167,0.037,116.613,116.912,336,709
83,63566.4,52058.2,20.616,115645,340,717
84,0.653,0.06,95.408,96.222,340,717
85,0.06,25567.4,70.624,25638.2,342,721
86,0.381,0.172,92.262,92.894,342,721
87,0.1,0.194,103.086,103.459,342,721
88,0.05,101764,73.053,101837,350,737
89,0.506,26689.1,84.195,26773.9,352,741
90,0.351,0.168,124.14,124.754,352,741
91,0.114,0.04,78.899,79.154,352,741
92,0.12,26673,80.908,26754.1,354,745
93,0.444,0.108,103.634,104.295,354,745
94,0.059,105099,89.35,105189,362,761
95,0.438,23808,95.415,23904,364,765
96,0.749,0.035,84.667,85.553,364,765
97,0.108,0.274,137.82,138.306,364,765
98,0.122,48072,71.376,48143.6,368,773
99,0.48,151650,19.756,151670,378,793
100,1.031,65147,13.461,65161.6,382,801
101,0.422,86185.6,81.376,86267.5,388,813
102,0.458,0.124,134.38,135.063,388,813
103,0.113,137652,60.265,137712,398,833
104,0.404,122151,72.235,122224,406,849
105,0.363,61866.4,13.001,61879.9,410,857
106,0.42,87252.4,70.861,87323.8,416,869
107,0.321,0.037,127.347,127.8,416,869
108,0.058,134537,81.262,134619,426,889
109,0.496,0.086,159.067,159.759,426,889
110,0.115,31432,111.084,31543.3,428,893
111,0.455,58048,15.752,58064.3,432,901
112,81764,22483.7,100.432,104348,434,905
113,0.436,0.053,141.516,142.131,434,905
114,0.117,26592.6,114.262,26707.1,436,909
115,0.41,25021.2,89.487,25111.2,438,913
116,0.43,57659.7,64.693,57724.9,442,921
117,0.263,57511.1,84.115,57595.5,446,929
118,0.443,40421.3,22.692,40444.6,449,936
119,0.418,22844.2,114.288,22959,451,940
120,0.519,34700.2,21.445,34722.2,454,947
121,0.439,23140.7,103.799,23245,456,951
122,0.426,47595.2,99.432,47695.1,460,959
123,0.306,47740.8,119.611,47860.8,464,967
124,86477.9,28403.9,124.045,115006,466,971
125,0.735,26762.7,125.878,26889.4,468,975
126,0.43,101813,86.715,101901,476,991
127,0.453,24385.7,119.35,24505.6,478,995
128,0.46,38492.8,34.995,38528.4,481,1002
129,0.403,26485.8,103.69,26590,483,1006
130,0.29,93554.5,95.268,93650.2,489,1018
131,0.332,39930.9,24.779,39956.1,492,1025
132,0.42,0.087,114.565,115.171,492,1025
133,91256.8,12428.7,87.498,103773,493,1028
134,0.466,59351,30.74,59382.3,497,1036
135,0.485,0.101,215.912,216.645,497,1036
136,0.116,85662.3,107.759,85770.3,503,1048
137,0.504,52954.1,156.296,53111,507,1056
138,0.488,26548.6,149.728,26698.9,509,1060
139,0.479,25382.4,125.848,25508.8,511,1064
140,97098.5,26593.2,128.788,123821,513,1068
141,0.32,87679.4,54.614,87734.5,519,1080
142,0.412,59964.7,126.217,60091.4,523,1088
143,0.48,0.256,180.857,181.724,523,1088
144,0.114,23277.5,131.591,23409.3,525,1092
145,0.313,23849.5,139.687,23989.6,527,1096
146,0.396,23367,110.858,23478.4,529,1100
147,0.278,28854.1,113.563,28968,531,1104
148,0.287,29038.2,145.827,29184.4,533,1108
149,0.391,55455.8,21.373,55477.7,537,1116
150,1.494,26631.6,120.01,26753.2,539,1120
151,0.493,55029.7,51.734,55082.1,543,1128
152,0.446,113710,116.998,113828,551,1144
153,0.549,0.061,192.424,193.141,551,1144
154,0.089,0.146,105.361,105.7,551,1144
155,0.046,0.159,167.761,168.048,551,1144
156,0.058,0.186,172.634,172.984,551,1144
157,90716.3,33161.8,145.274,124024,553,1148
158,0.284,23930.3,131.324,24062,555,1152
159,0.224,96177.3,107.558,96285.2,563,1168
160,0.382,0.032,116.545,117.04,563,1168
161,0.095,26333.6,112.567,26446.4,565,1172
162,0.608,25330.1,148.879,25479.7,567,1176
163,0.405,24684,127.364,24811.9,569,1180
164,0.447,0.192,241.85,242.581,569,1180
165,0.119,26416.6,131.094,26547.9,571,1184
166,0.363,0.183,164.268,164.893,571,1184
167,0.093,48724.5,29.021,48753.7,575,1192
168,0.247,24509.8,138.669,24648.9,577,1196
169,0.286,51800.9,34.956,51836.4,581,1204
170,0.312,25880.2,124.912,26005.5,583,1208
171,0.27,44670.7,33.65,44704.8,587,1216
172,0.37,0.284,274.93,275.678,587,1216
173,0.088,81492.4,145.077,81637.7,593,1228
174,0.367,24533,154.009,24687.5,595,1232
175,0.298,46419.3,103.5,46523.1,599,1240
176,0.28,24257.6,160.843,24418.9,601,1244
177,0.536,22909.9,177.929,23088.5,603,1248
178,0.306,44507.1,33.57,44541,607,1256
179,0.257,10802.1,137.556,10940,608,1259
180,0.336,0.359,144.688,145.476,608,1259
181,0.116,22453.9,151.34,22605.5,610,1263
182,0.291,45659.1,106.99,45766.5,614,1271
183,0.247,26414.1,176.825,26591.3,616,1275
184,0.326,52935.8,35.177,52971.4,620,1283
185,0.336,0.138,258.662,259.226,620,1283
186,0.09,0.186,200.515,200.878,620,1283
187,0.113,53689.4,91.499,53781.1,625,1294
188,0.311,0.1,186.227,186.733,625,1294
189,0.048,48894,116.761,49010.9,629,1302
190,0.37,49344.9,152.183,49497.6,633,1310
191,0.409,53726.3,132.087,53858.9,638,1321
192,0.299,20793.5,200.616,20994.5,640,1325
193,0.344,44407.8,45.487,44453.8,644,1333
194,0.516,24395.3,197.151,24593.1,646,1337
195,0.375,45286.6,116.803,45404,650,1347
196,102070,24363.3,144.273,126578,652,1351
197,0.24,57541.7,154.215,57696.3,656,1359
198,1.097,84983.5,157.531,85142.2,662,1371
199,0.27,0.055,224.922,225.36,662,1371
200,1.251,0.479,591.548,593.444,662,1371
201,0.165,91862.7,184.459,92047.5,670,1387
202,1.175,28715.9,206.544,28923.7,672,1391
203,0.347,24400.7,240.98,24642.2,674,1395
204,0.43,0.315,186.211,187.059,674,1395
205,0.057,23739.2,198.368,23937.7,676,1399
206,0.342,21420.6,172.262,21593.3,678,1403
207,0.337,48089.7,38.985,48129.1,682,1411
208,0.294,24698.9,158.899,24858.2,684,1415
209,0.28,0.055,247.834,248.253,684,1415
210,0.092,81874.3,136.264,82010.7,690,1427
211,0.264,23295.8,206.837,23503,692,1431
212,0.356,0.217,314.656,315.323,692,1431
213,0.113,46515.7,158.854,46674.8,696,1439
214,0.301,27173.4,207.76,27381.5,698,1443
215,0.258,0.174,261.096,261.627,698,1443
216,0.109,0.079,138.079,138.367,698,1443
217,0.099,71621.4,173.778,71795.3,704,1455
218,0.277,75994.3,180.883,76175.6,710,1467
219,131576,78079.8,136.754,209792,717,1482
220,0.387,0.057,271.341,271.879,717,1482
221,0.114,24004.4,198.93,24203.6,719,1486
222,0.586,0.158,305.494,306.332,719,1486
223,0.062,0.313,155.725,156.192,719,1486
224,0.052,0.033,266.342,266.52,719,1486
225,0.103,24476.1,198.55,24674.9,721,1490
226,0.525,71280.6,184.652,71465.9,727,1502
227,0.478,57546.7,41.31,57588.6,731,1510
228,0.28,0.138,296.184,296.704,731,1510
229,113282,27241.6,221.271,140745,733,1514
230,0.394,27620.6,190.724,27811.9,735,1518
231,0.611,23054.4,230.254,23285.4,737,1522
232,0.325,45938.8,92.125,46031.4,741,1530
233,0.377,58481.3,184.187,58666,746,1541
234,0.318,64960.6,137.57,65098.7,751,1552
235,0.672,0.15,508.552,509.478,751,1552
236,0.32,24807.5,226.334,25034.3,753,1556
237,139290,53520.4,48.033,192858,757,1564
238,0.443,80050.8,168.273,80219.6,763,1576
239,0.295,25566.6,199.881,25766.8,765,1580
240,0.803,84953.2,42.739,84996.9,771,1592
241,0.498,23665.2,276.242,23942.1,773,1596
242,0.51,24011.4,281.175,24293.2,775,1600
243,0.428,93489.2,165.448,93655.2,783,1616
244,0.675,79964.9,200.37,80166.1,790,1631
245,0.42,48396.3,192.102,48588.9,794,1639
246,0.371,50799.9,89.494,50890,798,1647
247,0.347,25285.8,284.242,25570.5,800,1651
248,0.384,73588.5,215.051,73804.1,806,1663
249,0.355,45934.2,215.424,46150,810,1671
250,1.356,0.386,694.242,696.076,810,1671
251,148402,12080.7,184.159,160667,811,1674
252,0.377,0.102,392.882,393.463,811,1674
253,0.105,71534.6,194.734,71729.6,817,1686
254,153405,53579.6,250.088,207234,821,1694
255,155363,25995.5,223.619,181583,823,1698
256,133303,26380.2,310.253,159994,825,1702
257,0.423,56371.8,64.746,56437.2,829,1710
258,0.377,86603,257.971,86861.5,836,1725
259,0.73,0.036,301.236,302.127,836,1725
260,0.112,0.082,319.051,319.357,836,1725
261,0.111,0.304,355.007,355.524,836,1725
262,0.101,45636,255.93,45892.1,840,1733
263,0.488,0.092,302.978,303.673,840,1733
264,0.209,100632,246.298,100879,848,1749
265,153753,26399,285.038,180438,850,1753
266,0.535,27671.8,328.776,28001.2,852,1757
267,0.426,162813,217.085,163030,864,1781
268,0.375,25023.1,233.526,25257.1,866,1785
269,0.301,0.245,392.203,392.851,866,1785
270,0.1,26266.5,203.543,26470.2,868,1789
271,0.246,0.184,377.423,377.95,868,1789
272,0.058,47253.7,58.524,47312.5,872,1797
273,0.27,0.108,299.533,299.989,872,1797
274,0.108,53590.9,85.995,53677.2,876,1805
275,0.401,23704.3,392.571,24097.5,878,1809
276,0.369,0.224,483.821,484.516,878,1809
277,0.109,0.451,290.105,290.784,878,1809
278,0.155,22742,347.213,23089.4,880,1813
279,0.512,25040.6,268.703,25310,882,1817
280,168754,24665.2,375.933,193795,884,1821
281,0.4,0.047,470.316,470.881,884,1821
282,0.133,32525.9,468.847,32995,886,1825
283,0.347,37399.4,73.44,37473.3,889,1832
284,1.531,0.316,447.056,449.036,889,1832
285,168602,29134.4,311.226,198048,891,1836
286,0.298,40303.4,180.875,40484.7,894,1843
287,147802,55038.5,71.981,202913,898,1851
288,0.297,57353.8,142.795,57497,902,1859
289,0.187,40241.4,73.438,40315.2,905,1866
290,173163,28769.9,253.046,202186,907,1870
291,0.188,56823.7,285.151,57109.2,911,1878
292,0.342,13784.4,284.955,14069.8,912,1881
293,0.321,55823.7,78.906,55903.1,916,1889
294,0.326,63356.6,296.175,63653.3,920,1897
295,0.299,26876,387.49,27263.9,922,1901
296,0.271,51824.7,276.944,52102,926,1909
297,152581,12074.4,254.808,164910,927,1912
298,0.274,25064.5,331.06,25396,929,1916
299,0.338,83755.5,289.292,84045.3,935,1928
300,0.921,57618.5,64.567,57684.2,939,1936
301,180339,54101,261.757,234701,943,1944
302,0.267,0.183,409.062,409.614,943,1944
303,0.152,49859.1,370.24,50229.7,947,1952
304,0.294,65204.4,268.886,65473.7,952,1963
305,151888,28748.4,291.453,180928,954,1967
306,0.297,24037.2,369.377,24407.1,956,1971
307,0.318,67882.2,400.159,68282.8,961,1982
308,0.443,110188,280.748,110469,969,1998
309,0.268,55039.8,241.793,55282,973,2006
310,159101,24518.5,417.654,184038,975,2010
311,0.399,0.129,481.427,482.046,975,2010
312,0.06,53935.9,255.963,54192,979,2018
313,162013,52866.9,312.521,215193,983,2026
314,0.377,0.105,567.514,568.217,983,2026
315,0.234,0.062,557.07,557.476,983,2026
316,0.209,51115.1,88.542,51203.9,987,2034
317,0.404,64192,349.492,64542,991,2042
318,0.519,24213.3,291.716,24505.7,993,2046
319,0.372,51953.1,133.894,52087.5,997,2054
320,0.415,0.082,580.175,580.772,997,2054
321,0.145,26412.4,298.732,26711.4,999,2058
322,0.357,29938.8,337.846,30277.1,1001,2062
323,0.336,61354.2,357.329,61712,1005,2070
324,0.266,59989,83.017,60072.4,1009,2078
325,0.298,30164.6,290.194,30455.2,1011,2082
326,0.298,60616.5,253.753,60870.6,1015,2090
327,0.404,0.146,518.03,518.719,1015,2090
328,0.247,0.281,341.578,342.197,1015,2090
329,0.27,30787.9,309.457,31097.7,1017,2094
330,0.304,0.06,489.775,490.239,1017,2094
331,0.06,0.244,432.448,432.841,1017,2094
332,0.083,0.203,476.922,477.297,1017,2094
333,0.189,27439.9,385.655,27825.8,1019,2098
334,0.276,0.249,336.608,337.26,1019,2098
335,173097,30955,354.455,204406,1021,2102
336,0.372,90717.6,277.879,90995.9,1027,2114
337,0.356,26753.2,384.23,27137.8,1029,2118
338,0.341,0.281,421.468,422.181,1029,2118
339,0.091,31955,366.438,32321.7,1031,2122
340,0.35,0.144,549.494,550.1,1031,2122
341,0.15,0.275,517.945,518.469,1031,2122
342,0.101,0.207,459.513,459.922,1031,2122
343,0.096,0.212,342.674,343.09,1031,2122
344,0.113,0.061,311.794,312.063,1031,2122
345,0.175,22393.6,397.122,22791,1033,2126
346,189442,12632.3,276.246,202351,1034,2129
347,0.514,25649.4,330.339,25980.3,1036,2133
348,1.207,58639,110.563,58751,1040,2141
349,0.299,50840.4,70.694,50911.6,1044,2149
350,0.787,29710.4,385.307,30096.6,1046,2153
351,0.314,52830.4,76.845,52907.6,1050,2161
352,0.314,0.369,634.191,634.973,1050,2161
353,0.064,0.033,519.058,519.25,1050,2161
354,0.071,0.203,539.642,540.012,1050,2161
355,0.193,25988.9,341.354,26330.6,1052,2165
356,1.113,25726.1,424.179,26151.5,1054,2169
357,0.524,0.03,345.382,346.027,1054,2169
358,0.05,27881.9,295.233,28177.3,1056,2173
359,0.304,24357.1,403.665,24761.2,1058,2177
360,1.257,0.278,1021.42,1023.06,1058,2177
361,0.134,49201.3,92.213,49293.7,1062,2185
362,0.408,0.142,605.622,606.279,1062,2185
363,0.113,28200.8,342.087,28543.1,1064,2189
364,0.381,23254.7,399.705,23654.9,1066,2193
365,0.331,51375.6,286.711,51662.7,1070,2201
366,0.412,0.106,495.002,495.624,1070,2201
367,203442,25344.3,525.845,229312,1072,2205
368,1.147,0.313,844.046,845.628,1072,2205
369,1.62,59727.5,204.364,59933.7,1076,2213
370,0.554,0.075,860.165,860.956,1076,2213
371,0.285,64880.8,86.679,64967.9,1081,2224
372,0.344,56361.5,320.581,56682.6,1085,2232
373,0.333,0.544,581.424,582.404,1085,2232
374,0.106,128714,274,128988,1093,2248
375,179109,27638.5,430.588,207178,1095,2252
376,0.377,26256.6,398.73,26655.8,1097,2256
377,0.423,0.055,701.023,701.65,1097,2256
378,0.184,0.084,612.204,612.574,1097,2256
379,0.098,0.147,538.63,538.987,1097,2256
380,0.051,0.037,419.586,419.776,1097,2256
381,0.105,28593.5,425.853,29019.5,1099,2260
382,0.443,106044,578.855,106623,1107,2276
383,0.488,29621.7,370.203,29992.5,1109,2280
384,0.275,0.21,385.643,386.217,1109,2280
385,183875,11734.8,301.484,195911,1110,2283
386,0.285,28840.1,495.853,29336.3,1112,2287
387,0.387,81801.1,296.586,82098.2,1118,2299
388,0.357,11375,382.28,11757.7,1119,2302
389,0.462,12788.8,326.233,13115.7,1120,2305
390,0.316,52494.8,126.629,52622,1124,2313
391,0.292,0.219,634.601,635.211,1124,2313
392,0.087,79432.7,336.492,79769.4,1130,2325
393,0.501,0.304,659.458,660.377,1130,2325
394,0.209,26655,527.958,27183.4,1132,2329
395,0.539,59331.3,1350.14,60682.2,1136,2337
396,0.492,58637.2,478.427,59116.2,1140,2345
397,0.345,82114.3,315.242,82430,1146,2357
398,0.302,0.068,532.961,533.429,1146,2357
399,0.101,22927.7,352.868,23280.8,1148,2361
400,1.484,27254.3,554.948,27810.9,1150,2365
401,0.403,52854.3,368.801,53223.7,1154,2373
402,0.351,0.064,632.691,633.208,1154,2373
403,0.148,0.275,437.96,438.489,1154,2373
404,0.152,0.171,630.138,630.564,1154,2373
405,0.196,0.105,552.006,552.406,1154,2373
406,0.07,0.208,656.983,657.363,1154,2373
407,0.161,0.059,413.35,413.672,1154,2373
408,0.102,26088.6,726.132,26815,1156,2377
409,0.314,25872.5,577.921,26450.9,1158,2381
410,0.385,27860.4,603.625,28464.5,1160,2385
411,0.41,28400.9,446.615,28848,1162,2389
412,0.32,0.398,720.676,721.497,1162,2389
413,0.236,0.269,706.416,707.037,1162,2389
414,0.144,0.072,479.275,479.592,1162,2389
415,0.191,0.333,647.988,648.623,1162,2389
416,0.208,0.1,799.881,800.314,1162,2389
417,0.317,0.318,388.885,389.631,1162,2389
418,0.135,0.348,594.755,595.341,1162,2389
419,0.211,0.249,542.852,543.427,1162,2389
420,1.007,12319.6,355.243,12676,1163,2392
421,0.313,0.176,625.802,626.389,1163,2392
422,0.059,0.172,547.472,547.794,1163,2392
423,0.109,0.057,545.556,545.814,1163,2392
424,0.108,60341.6,114.407,60456.3,1167,2400
425,218162,29305.7,453.191,247921,1169,2404
426,0.504,55430.5,321.955,55753,1173,2412
427,0.316,0.064,617.249,617.723,1173,2412
428,0.083,0.057,567.486,567.721,1173,2412
429,0.109,26762.7,439.875,27202.8,1175,2416
430,0.43,27329,676.165,28005.8,1177,2420
431,199682,27569.6,451.881,227704,1179,2424
432,0.244,62897.5,104.299,63002.1,1183,2432
433,1.269,12820.6,701.4,13523.4,1184,2435
434,1.049,80362,354.228,80717.4,1190,2447
435,227434,26444.2,407.179,254285,1192,2451
436,0.431,26082.3,482.688,26565.5,1194,2455
437,0.504,0.084,664.326,665.016,1194,2455
438,0.579,79461.4,305.567,79767.7,1200,2467
439,0.365,0.085,639.872,640.414,1200,2467
440,1.591,0.338,1314.81,1316.84,1200,2467
441,0.104,28532.8,606.915,29140.1,1202,2471
442,0.599,13599.1,412.732,14012.5,1203,2474
443,0.589,54173.9,364.706,54539.3,1207,2482
444,207940,26937.1,765.79,235643,1209,2486
445,0.415,0.313,837.715,838.637,1209,2486
446,0.423,81574.5,303.443,81878.5,1215,2498
447,0.33,77018.8,376.544,77395.8,1221,2510
448,0.486,38721.1,397.477,39119.2,1224,2517
449,1.355,0.482,1088.63,1090.57,1224,2517
450,0.141,13009.8,375.401,13385.4,1225,2520
451,0.332,12314.4,329.505,12644.3,1226,2523
452,1.391,0.401,1303.16,1305.06,1226,2523
453,0.226,0.14,663.813,664.281,1226,2523
454,0.149,0.271,567.62,568.141,1226,2523
455,232037,27811.1,419.837,260269,1228,2527
456,0.387,0.1,644.474,645.056,1228,2527
457,0.124,57522.9,365.973,57889.1,1232,2535
458,0.273,56254.5,707.048,56962,1236,2543
459,0.335,26591.8,513.096,27105.4,1238,2547
460,241512,84308.9,130.292,325952,1244,2559
461,0.451,0.32,653.321,654.201,1244,2559
462,0.12,0.115,614.793,615.131,1244,2559
463,0.093,14571.7,546.923,15118.8,1245,2562
464,239701,39669.2,367.583,279738,1248,2569
465,1.213,84317.6,429.489,84748.5,1254,2581
466,1.093,0.512,1234.38,1236.15,1254,2581
467,0.231,135421,550.334,135972,1262,2597
468,0.305,32173.4,443.119,32616.9,1264,2601
469,0.263,0.222,637.841,638.413,1264,2601
470,0.152,57750.2,306.214,58056.7,1268,2609
471,0.318,53906.9,133.044,54040.5,1272,2617
472,1.225,28792.8,717.011,29511.2,1274,2621
473,0.462,36210.1,355.472,36566.1,1277,2628
474,0.293,61681.8,407.678,62089.9,1281,2636
475,0.397,52006.8,416.05,52423.4,1285,2644
476,248247,31139.4,492.847,279879,1287,2648
477,0.448,112929,837.036,113767,1295,2664
478,248724,27147.3,454.048,276326,1297,2668
479,0.326,0.141,791.222,791.801,1297,2668
480,0.2,26842.4,471.155,27313.9,1299,2672
481,0.377,28771.6,769.832,29542,1301,2676
482,0.455,0.175,1424.41,1425.23,1301,2676
483,0.512,0.22,793.296,794.16,1301,2676
484,0.145,27939.3,502.888,28442.4,1303,2680
485,0.336,31481.6,626.192,32108.2,1305,2684
486,0.473,0.073,900.207,900.961,1305,2684
487,0.333,26840.2,649.526,27490.3,1307,2688
488,0.589,32393.6,413.824,32808.1,1309,2692
489,0.258,0.06,598.782,599.283,1309,2692
490,0.137,57286.9,503.133,57790.3,1313,2700
491,0.355,28383.5,478.825,28862.8,1315,2704
492,0.323,26537.1,584.447,27122,1317,2708
493,0.343,24850.6,569.073,25420.1,1319,2712
494,253858,24937.3,694.519,279490,1321,2716
495,218425,29838.4,498.579,248762,1323,2720
496,0.403,0.233,465.922,466.672,1323,2720
497,0.094,76275.6,532.117,76807.9,1329,2732
498,0.501,0.446,867.431,868.48,1329,2732
499,0.101,81669.2,455.92,82125.3,1335,2744
500,1.52,27427.2,523.801,27952.6,1337,2748
501,244092,25430.8,595.039,270118,1339,2752
502,0.464,73940.5,679.236,74620.4,1345,2764
503,0.302,39458.2,230.721,39689.4,1348,2771
504,0.583,49516.5,195.171,49712.3,1352,2779
505,0.496,57671.4,129.596,57801.6,1356,2787
506,0.398,0.26,835.175,835.936,1356,2787
507,0.103,0.163,885.09,885.458,1356,2787
508,0.261,0.091,1023.22,1023.76,1356,2787
509,0.639,25335.4,679.064,26015.2,1358,2791
510,0.242,0.039,554.346,554.737,1358,2791
511,1.286,0.752,1218.16,1220.37,1358,2791
512,1.107,0.418,1474.07,1475.73,1358,2791
513,0.493,28813.5,530.557,29344.6,1360,2795
514,253910,25348.1,653.941,279912,1362,2799
515,0.264,0.06,842.394,842.876,1362,2799
516,0.335,25739.8,674.037,26414.3,1364,2803
517,0.475,0.057,622.512,623.201,1364,2803
518,0.229,28495.3,455.576,28951.3,1366,2807
519,0.423,63011.6,690.653,63702.8,1370,2815
520,0.378,32664.8,526.335,33191.7,1372,2819
521,1.248,28114.7,506.166,28622.3,1374,2823
522,0.356,28278,526.103,28804.6,1376,2827
523,0.353,0.192,835.826,836.503,1376,2827
524,0.219,0.038,781.701,782.172,1376,2827
525,255189,30568.4,671.218,286429,1378,2831
526,0.44,0.165,450.654,451.357,1378,2831
527,0.119,77589.7,798.003,78387.9,1384,2843
528,0.512,0.058,881.589,882.307,1384,2843
529,0.12,26812.2,472.633,27285,1386,2847
530,0.284,0.06,540.768,541.206,1386,2847
531,0.186,0.078,733.404,733.787,1386,2847
532,0.089,12909.2,813.177,13722.7,1387,2850
533,0.623,0.132,744.743,745.635,1387,2850
534,0.426,0.125,721.187,721.852,1387,2850
535,0.463,65899.3,127.899,66027.8,1391,2858
536,0.42,64937.6,482.742,65421,1395,2866
537,1.308,57855.5,324.333,58181.4,1399,2874
538,0.664,12118.8,441.135,12560.7,1400,2877
539,0.638,79120.9,750.236,79871.9,1406,2889
540,0.38,38578.7,573.084,39152.4,1409,2896
541,0.247,0.106,548.516,548.959,1409,2896
542,0.098,0.165,816.144,816.556,1409,2896
543,0.256,27455.8,573.519,28029.6,1411,2900
544,0.383,63945.4,451.63,64397.6,1415,2908
545,0.384,0.321,796.89,797.697,1415,2908
546,0.129,29668.9,842.895,30512.1,1417,2912
547,267770,27485.7,535.393,295791,1419,2916
548,0.359,0.193,747.476,748.122,1419,2916
549,0.136,12227.6,801.04,13028.9,1420,2919
550,1.137,0.354,1328.14,1329.74,1420,2919
551,0.18,0.08,674,674.37,1420,2919
552,0.094,89220.9,765.255,89986.5,1426,2931
553,0.365,15477,1096.85,16574.4,1427,2934
554,295331,34067.8,729.573,330129,1429,2938
555,0.4,81672.5,453.351,82126.4,1435,2950
556,0.516,79044.6,447.647,79492.8,1441,2962
557,0.45,0.217,619.783,620.55,1441,2962
558,0.193,13778.1,686.229,14464.6,1442,2965
559,244311,81620.9,333.64,326266,1448,2977
560,268798,52046.2,430.015,321274,1452,2985
561,0.34,77067.4,423.68,77491.6,1458,2997
562,0.407,0.059,614.567,615.149,1458,2997
563,0.111,28637.3,1183.8,29821.4,1460,3001
564,0.436,27170.8,840.842,28012.2,1462,3005
565,1.374,39441.6,452.151,39895.2,1465,3012
566,0.337,52866.1,189.759,53056.4,1469,3020
567,0.208,52330.5,195.846,52526.7,1473,3028
568,276391,61698.6,121.915,338212,1477,3036
569,0.345,0.057,922.412,922.933,1477,3036
570,0.179,0.195,582.505,582.982,1477,3036
571,0.123,92736.4,494.934,93231.5,1483,3048
572,0.301,67668.3,166.41,67835.2,1487,3056
573,271699,56170.5,296.981,328166,1491,3064
574,0.397,30941.2,584.395,31526.2,1493,3068
575,0.446,28934.9,1090.26,30025.8,1495,3072
576,0.309,65860.9,153.863,66015.2,1499,3080
577,0.344,31548.9,625.557,32174.9,1501,3084
578,0.319,0.226,725.563,726.237,1501,3084
579,0.123,0.105,619.856,620.192,1501,3084
580,0.122,26232.7,1227.3,27460.4,1503,3088
581,334231,28984,498.32,363714,1505,3092
582,0.644,8.509,738.508,747.75,1505,3092
583,0.085,0.053,593.915,594.213,1505,3092
584,0.566,28413.9,723.884,29138.6,1507,3096
585,0.435,28902.4,692.006,29595,1509,3100
586,0.486,70257.6,241.324,70499.8,1513,3108
587,0.457,32424.4,571.862,32996.8,1515,3112
588,0.403,75748.1,1024.12,76772.8,1517,3116
589,0.368,65437.6,128.965,65567.1,1521,3124
590,0.303,81433.9,407.949,81842.2,1527,3136
591,0.238,0.063,839.736,840.188,1527,3136
592,0.203,31124.8,643.185,31768.3,1529,3140
593,0.297,0.066,1439.97,1440.52,1529,3140
594,0.335,28478.2,574.422,29053,1531,3144
595,0.348,0.092,1003.71,1004.27,1531,3144
596,0.221,62455.5,404.259,62860.3,1535,3152
597,0.518,65322.2,823.422,66146.4,1539,3160
598,0.488,57893.3,122.762,58016.7,1543,3168
599,0.378,59036.6,447.617,59484.7,1547,3176
600,1.385,52343.6,872.431,53217.5,1551,3184
601,263712,26457.5,562.683,290733,1553,3188
602,0.45,0.071,542.26,542.869,1553,3188
603,0.1,0.21,685.76,686.158,1553,3188
604,0.195,0.163,1108.73,1109.24,1553,3188
605,258181,25386.3,911.069,284479,1555,3192
606,300106,85791.6,316.032,386214,1561,3204
607,270724,26825.6,1000.08,298550,1563,3208
608,0.729,55624.6,669.758,56295.2,1567,3216
609,0.388,0.168,669.956,670.609,1567,3216
610,0.12,139227,798.381,140026,1577,3236
611,0.499,62583,539.104,63122.7,1582,3247
612,0.462,25773.1,571.86,26345.5,1584,3251
613,261614,87481.3,316.211,349411,1590,3263
614,0.929,34171.8,1158.04,35331,1592,3267
615,0.668,53239.8,233.774,53474.5,1596,3275
616,0.411,0.159,989.925,990.678,1596,3275
617,0.147,55166.4,194.662,55361.5,1600,3283
618,0.477,58915.5,441.677,59357.8,1604,3291
619,0.352,0.348,775.262,776.058,1604,3291
620,0.094,0.285,477.469,477.938,1604,3291
621,0.104,30799.2,730.902,31530.4,1606,3295
622,0.335,65570.9,129.8,65701.1,1610,3303
623,0.297,0.282,899.495,900.177,1610,3303
624,0.136,12195.8,894.799,13090.9,1611,3306
625,0.231,12851.5,1222,14073.9,1612,3309
626,0.464,85982.2,591.347,86574.1,1618,3321
627,0.177,24499.3,1000.39,25500.1,1620,3325
628,0.305,0.06,776.113,776.673,1620,3325
629,298063,29334,602.649,328000,1622,3329
630,0.267,66198.3,169.632,66368.4,1626,3337
631,0.264,27654.2,736.236,28390.9,1628,3341
632,0.563,61559.7,752.342,62312.8,1632,3349
633,1.331,0.244,2066.2,2067.96,1632,3349
634,0.326,88554.1,618.086,89172.7,1638,3361
635,0.329,79853.2,580.943,80434.6,1644,3373
636,0.392,0.268,1008.13,1008.99,1644,3373
637,0.26,89440.5,435.318,89876.2,1650,3385
638,0.329,27414.4,696.512,28111.4,1652,3389
639,307135,26427.1,1008.23,334570,1654,3393
640,287612,30469.8,698.769,318780,1656,3397
641,0.519,26617.9,731.448,27350,1658,3401
642,0.45,0.109,1350.69,1351.52,1658,3401
643,0.5,91925,971.891,92897.6,1664,3413
644,0.463,29360.4,741.116,30102.1,1666,3417
645,1.069,32832,860.455,33693.7,1668,3421
646,0.253,30513.3,1048.11,31561.9,1670,3425
647,0.34,27590,755.704,28346.2,1672,3429
648,0.4,13419.5,845.171,14265.2,1673,3432
649,0.381,26141.6,1218.79,27361,1675,3436
650,1.121,57661.2,183.527,57846,1679,3444
651,0.41,78907.3,508.201,79416,1685,3456
652,0.279,51086.5,614.265,51701.3,1689,3464
653,0.344,37453.2,401.814,37855.6,1692,3471
654,316179,50474.4,327.591,366982,1696,3479
655,0.603,25681.9,660.019,26342.7,1698,3483
656,0.4,36616.6,202.97,36820.2,1701,3490
657,0.399,91281.6,585.237,91867.4,1707,3502
658,0.267,0.075,1029.92,1030.47,1707,3502
659,0.306,0.159,1179.94,1180.56,1707,3502
660,0.123,12756,1108.67,13865,1708,3505
661,0.413,29707.5,587.593,30295.7,1710,3509
662,0.36,0.192,1357.22,1357.93,1710,3509
663,0.244,54177.8,275.596,54453.9,1714,3517
664,0.459,54533.2,550.052,55083.9,1718,3525
665,0.476,93835.4,595.634,94431.6,1724,3537
666,0.294,0.206,1070.05,1070.65,1724,3537
667,0.108,28158.7,831.562,28990.6,1726,3541
668,0.392,85577.5,729.298,86307.4,1732,3553
669,0.364,26387,718.473,27106.1,1734,3557
670,0.427,143844,672.022,144517,1744,3577
671,0.425,141650,1197.47,142848,1754,3597
672,0.62,0.124,1007.93,1008.87,1754,3597
673,0.217,0.136,1140.86,1141.33,1754,3597
674,0.105,30035.9,821.448,30857.7,1756,3601
675,0.384,80187.6,921.798,81109.9,1762,3613
676,301717,31457.2,727.431,333902,1764,3617
677,0.366,0.19,721.756,722.468,1764,3617
678,0.111,29363.6,801.822,30165.7,1766,3621
679,0.522,34398.9,1236.44,35636.1,1768,3625
680,0.637,87889.7,690.534,88581.1,1774,3637
681,0.39,0.313,626.297,627.108,1774,3637
682,0.221,99603.6,592.287,100196,1780,3649
683,0.428,0.316,1212.5,1213.44,1780,3649
684,0.102,28547.2,831.615,29379.1,1782,3653
685,0.261,0.187,717.231,717.775,1782,3653
686,0.225,57341.1,585.647,57927,1786,3661
687,1.27,29019.4,1576.51,30597.3,1788,3665
688,0.56,0.174,1048.93,1049.89,1788,3665
689,1.195,61026,227.471,61254.8,1792,3673
690,0.517,0.148,818.187,819.002,1792,3673
691,0.141,126400,601.299,127002,1800,3691
692,0.481,67120.9,734.862,67856.5,1804,3699
693,0.459,127145,668.687,127814,1812,3715
694,0.333,91803.7,727.108,92531.3,1818,3727
695,0.374,31966.9,757.045,32724.5,1820,3731
696,0.338,93456.7,860.732,94318,1826,3743
697,0.445,32759.5,699.537,33459.6,1828,3747
698,0.311,30273.8,682.562,30956.8,1830,3751
699,0.325,0.215,1025.87,1026.5,1830,3751
700,1.121,0.436,1988.83,1990.61,1830,3751
701,0.165,0.32,1445.19,1445.87,1830,3751
702,0.232,66959.8,1314.17,68274.4,1834,3759
703,0.413,0.178,2308.5,2309.25,1834,3759
704,0.269,68061.2,708.316,68769.9,1839,3770
705,0.31,62620.9,404.883,63026.4,1843,3778
706,344468,27808.1,829.692,373106,1845,3782
707,0.32,109777,661.919,110439,1853,3798
708,0.298,60184.2,223.188,60408,1857,3806
709,0.302,27606.2,2663.69,30270.5,1859,3810
710,1.035,59456.1,482.064,59939.4,1863,3818
711,0.375,58168.4,227.78,58396.7,1867,3826
712,0.359,68112.6,575.982,68689.1,1871,3834
713,0.283,27928.8,1322.84,29252,1873,3838
714,0.343,0.19,1297.27,1297.95,1873,3838
715,0.166,0.089,756.632,756.982,1873,3838
716,0.247,55203.9,283.05,55487.4,1877,3846
717,0.377,27201,802.467,28004,1879,3850
718,0.285,111562,1282.11,112845,1887,3866
719,0.266,0.182,1094.83,1095.42,1887,3866
720,0.241,124650,886.592,125537,1895,3882
721,0.457,0.24,1571.87,1572.74,1895,3882
722,0.219,54466.3,625.261,55091.9,1899,3890
723,0.468,30121.1,1620.31,31742.1,1901,3894
724,0.298,30421.1,698.281,31119.8,1903,3898
725,0.538,56059.2,307.686,56367.6,1907,3906
726,317275,13631.8,819.526,331726,1908,3909
727,0.379,61298.3,891.498,62190.3,1912,3917
728,0.278,0.06,1187.83,1188.35,1912,3917
729,319991,29803.6,1017.35,350813,1914,3921
730,0.727,29808.2,1701.73,31510.9,1916,3925
731,0.392,0.48,1225.59,1226.64,1916,3925
732,0.115,68664.9,232.709,68898,1920,3933
733,0.354,60941.2,485.149,61427,1924,3941
734,0.598,0.391,1362.92,1364.1,1924,3941
735,0.253,132807,635.817,133443,1932,3957
736,0.588,27975.2,890.654,28866.6,1934,3961
737,0.348,0.195,577.977,578.653,1934,3961
738,0.122,0.197,1622.96,1623.47,1934,3961
739,0.22,29025.2,822.535,29848.1,1936,3965
740,0.356,63738.5,1501.14,65240.2,1940,3973
741,0.413,29830.6,843.607,30674.8,1942,3977
742,0.621,0.361,1249.71,1250.84,1942,3977
743,0.156,0.165,938.03,938.496,1942,3977
744,0.143,29742.1,652.661,30395,1944,3981
745,0.375,0.172,1263.87,1264.56,1944,3981
746,0.171,94306.2,650.891,94957.4,1950,3993
747,0.23,92414.9,826.3,93241.6,1956,4005
748,0.343,0.102,1464.37,1465,1956,4005
749,0.222,24675.2,1387.71,26063.3,1958,4009
750,0.864,60992.2,183.075,61176.4,1962,4017
751,0.259,40801.9,375.071,41177.4,1965,4024
752,0.591,28566.9,855.456,29423.1,1967,4028
753,0.339,66503.3,776.824,67280.7,1971,4036
754,0.309,65336.1,820.027,66156.7,1975,4044
755,367405,117633,1135.13,486173,1983,4060
756,0.278,11.619,1181.97,1194.02,1983,4060
757,0.185,0.121,2201.2,2201.71,1983,4060
758,0.269,0.123,2519.19,2519.74,1983,4060
759,325220,12170.7,945.635,338337,1984,4063
760,0.327,34965.4,975.4,35941.3,1986,4067
761,0.311,104918,557.079,105476,1992,4079
762,0.226,0.085,1104.05,1104.44,1992,4079
763,0.176,0.167,1074.7,1075.13,1992,4079
764,0.094,54489,253.378,54742.7,1996,4087
765,0.438,29849.5,1254.49,31104.7,1998,4091
766,0.449,175646,808.038,176454,2010,4115
767,0.42,102155,1292.12,103448,2016,4127
768,0.328,78283,702.802,78986.2,2022,4139
769,0.359,29458.9,1521.1,30980.5,2024,4143
770,0.286,56151,361.565,56513.1,2028,4151
771,0.493,36460.6,716.088,37177.3,2030,4155
772,0.931,29586.7,838.448,30426.3,2032,4159
773,0.331,61825.2,1201.8,63027.4,2036,4167
774,0.293,0.054,728.249,728.735,2036,4167
775,0.996,113090,1309.08,114400,2044,4183
776,0.329,0.145,2274.54,2275.21,2044,4183
777,0.332,56557.5,1451.93,58009.9,2048,4191
778,0.439,0.236,1595.85,1596.72,2048,4191
779,0.175,0.262,1033.33,1033.95,2048,4191
780,0.295,87922.3,506.646,88429.5,2054,4203
781,0.578,26837.7,861.741,27700.2,2056,4207
782,0.284,29304.6,942.992,30248,2058,4211
783,0.449,13560.9,1106.03,14667.5,2059,4214
784,0.707,29354.8,934.52,30290.3,2061,4218
785,0.435,144462,804.046,145267,2071,4238
786,0.422,123746,889.022,124635,2079,4254
787,1.184,13430,706.92,14138.3,2080,4257
788,0.341,13507,727.217,14234.8,2081,4260
789,0.296,0.321,1951.53,1952.38,2081,4260
790,0.284,26811.3,1533.18,28345,2083,4264
791,396452,60374.8,1238.9,458066,2087,4272
792,0.455,13681.7,825.854,14508.2,2088,4275
793,0.363,29213,1358.59,30572.1,2090,4279
794,0.656,0.079,1208.1,1209.01,2090,4279
795,0.296,30993.1,2100.15,33093.8,2092,4283
796,0.643,0.197,2397.32,2398.43,2092,4283
797,0.39,0.19,1706.62,1707.38,2092,4283
798,1.163,84948.9,831.105,85781.3,2098,4295
799,0.491,67607.9,449.548,68058.2,2102,4303
800,1.08,26731.4,1466.37,28199,2104,4307
801,0.395,100186,889.271,101076,2110,4319
802,0.392,32683.8,1849.83,34534.2,2112,4323
803,0.374,27115.3,1895.27,29011.2,2114,4327
804,0.482,30317.6,889.312,31207.5,2116,4331
805,0.302,13483.7,739.111,14223.3,2117,4334
806,0.527,90251.2,1449.71,91701.6,2123,4346
807,0.803,29182.7,1387.51,30571.3,2125,4350
808,0.548,32003,1301.61,33305.3,2127,4354
809,0.453,30502,1492.01,31994.7,2129,4358
810,0.401,0.117,1054.48,1055.14,2129,4358
811,0.237,0.388,1090.39,1091.21,2129,4358
812,0.268,94348.3,1367.26,95716,2135,4370
813,0.483,28541.1,1425.65,29967.5,2137,4374
814,0.557,56570.9,274.083,56845.7,2141,4382
815,0.295,0.107,1725.86,1726.46,2141,4382
816,0.267,0.061,1156.82,1157.3,2141,4382
817,0.297,0.338,1032.61,1033.4,2141,4382
818,0.34,34060.2,1328.47,35389.3,2143,4386
819,369044,31731.3,1303.17,402079,2145,4390
820,0.675,0.289,2276.43,2277.65,2145,4390
821,0.197,107679,1697.61,109377,2151,4402
822,0.341,0.341,1043.73,1044.59,2151,4402
823,0.23,75823.5,1397.8,77221.8,2156,4413
824,0.362,58567,1230.93,59798.6,2160,4421
825,0.575,34299.5,2037.68,36338.1,2162,4425
826,0.564,0.157,2204.36,2205.34,2162,4425
827,0.525,31455.1,938.654,32394.3,2164,4429
828,0.398,0.271,1691.71,1692.56,2164,4429
829,0.183,26848.3,1321.94,28170.7,2166,4433
830,0.387,59599.3,516.869,60116.8,2170,4441
831,423694,31569.4,1546.81,456810,2172,4445
832,0.644,0.232,1915.6,1916.72,2172,4445
833,0.344,0.194,3062.4,3063.19,2172,4445
834,0.375,105086,1681.74,106769,2178,4457
835,0.37,64924.2,1312.77,66237.6,2182,4465
836,0.473,0.21,1539.35,1540.21,2182,4465
837,0.164,69433.4,1115.53,70549.3,2186,4473
838,0.455,97076,1436.78,98513.4,2192,4485
839,0.682,0.112,1226.35,1227.32,2192,4485
840,0.096,0.224,1726.93,1727.51,2192,4485
841,0.244,97868.2,363.327,98232,2198,4497
842,0.436,36196.5,904.608,37101.7,2200,4501
843,0.284,0.159,1023.86,1024.45,2200,4501
844,0.098,31216.7,1697.4,32914.4,2202,4505
845,0.465,97457.6,1571.65,99029.9,2208,4517
846,0.377,33836.7,1168.6,35005.9,2210,4521
847,0.445,67321.9,1779.45,69102,2214,4529
848,0.551,15314.1,1547.88,16862.7,2215,4532
849,1.257,0.305,3542.37,3544.18,2215,4532
850,1.079,96071.9,2155.38,98228.7,2221,4544
851,0.843,93621.1,861.003,94483.2,2227,4556
852,0.355,60216.1,566.098,60782.8,2231,4564
853,0.505,131981,1174.61,133156,2239,4580
854,0.415,33252.2,1952.7,35205.6,2241,4584
855,0.466,34522.7,1322.25,35845.6,2243,4588
856,1.298,86761.2,815.321,87578,2249,4600
857,0.498,0.248,1515.21,1516.18,2249,4600
858,0.153,30032,1869.37,31901.8,2251,4604
859,0.334,33864.7,2009.18,35874.4,2253,4608
860,340109,61381.7,290.601,401781,2257,4616
861,0.268,30022.8,1517.91,31541.1,2259,4620
862,0.245,0.2,1367.03,1367.59,2259,4620
863,0.108,29560.8,1436.46,30997.5,2261,4624
864,0.239,85795.3,781.554,86577.2,2267,4636
865,0.357,30090.3,1992.4,32083.3,2269,4640
866,0.445,0.113,1958.32,1959.14,2269,4640
867,0.214,0.258,1555.62,1556.34,2269,4640
868,0.241,55017.2,1655.2,56672.8,2273,4648
869,0.399,0.151,1927.22,1927.88,2273,4648
870,0.26,64722.4,424.563,65147.4,2277,4656
871,0.498,0.399,2469.45,2470.53,2277,4656
872,0.242,27543,2178.99,29722.4,2279,4660
873,0.548,30332.9,1107.68,31441.3,2281,4664
874,0.269,30429.6,1712.22,32142.3,2283,4668
875,0.379,89438.4,1573.44,91012.4,2289,4680
876,0.488,12903.9,1334.52,14239.1,2290,4683
877,0.643,29099.4,968.117,30068.4,2292,4687
878,0.232,28427.7,1629.07,30057.3,2294,4691
879,374715,31377.3,1381.71,407475,2296,4695
880,418461,26184.4,1581.34,446227,2298,4699
881,0.297,0.152,1573.62,1574.24,2298,4699
882,0.22,28336.4,1754.96,30091.8,2300,4703
883,1.469,0.461,3728.19,3730.31,2300,4703
884,0.152,32779.6,1010.23,33790.1,2302,4707
885,0.78,93274.4,1568.68,94844.1,2308,4719
886,0.423,0.131,1958.65,1959.45,2308,4719
887,0.335,0.128,2957.82,2958.53,2308,4719
888,0.142,0.278,1840.51,1841.11,2308,4719
889,1.633,0.334,3228.25,3230.46,2308,4719
890,0.884,119365,1496.17,120862,2316,4735
891,0.365,0.288,1893.72,1894.63,2316,4735
892,0.427,13918.9,1496.91,15416.5,2317,4738
893,1.266,133636,1333.24,134970,2325,4754
894,0.37,66247.5,610.727,66858.9,2329,4762
895,0.508,0.218,1809,1809.9,2329,4762
896,0.213,131627,1414.58,133042,2337,4778
897,0.49,0.146,1870.5,1871.28,2337,4778
898,0.173,33221.3,2345.84,35567.5,2339,4782
899,0.555,0.457,2547.52,2548.71,2339,4782
900,0.987,62662.8,594.425,63258.5,2343,4790
901,0.455,0.251,2236.92,2237.86,2343,4790
902,0.155,0.263,2004.32,2004.91,2343,4790
903,0.422,0.282,2644.76,2645.63,2343,4790
904,0.214,0.181,2892.93,2893.56,2343,4790
905,444690,34738.1,1655.57,481084,2345,4794
906,385294,57999.6,1652.66,444946,2349,4802
907,451737,31152.2,2073.28,484963,2351,4806
908,0.621,65355.9,1687.7,67044.4,2355,4814
909,0.381,32605.6,1580.02,34186.2,2357,4818
910,0.651,33080.4,1170.36,34251.6,2359,4822
911,0.462,34481.6,2640.12,37122.4,2361,4826
912,0.469,15748.5,1571.49,17320.7,2362,4829
913,0.548,59750.9,629.979,60381.7,2366,4837
914,448022,105615,829.45,554466,2372,4849
915,0.489,28941.3,1366.25,30308.2,2374,4853
916,0.677,62703.7,1542.07,64246.7,2378,4861
917,0.744,0.232,2856.22,2857.45,2378,4861
918,0.325,34250.9,1834.08,36085.6,2380,4865
919,0.513,0.287,2712.01,2713.09,2380,4865
920,0.37,29364.5,2762.74,32127.8,2382,4869
921,0.32,0.09,3197.61,3198.18,2382,4869
922,0.462,0.134,2220.11,2220.89,2382,4869
923,0.815,14610.3,1808.43,16419.8,2383,4872
924,451873,31922,2008.66,485804,2385,4876
925,447901,29402.7,2674.89,479979,2387,4880
926,0.743,32053,1560.88,33614.8,2389,4884
927,0.481,42855.4,566.256,43422.4,2392,4891
928,0.481,121905,1673.24,123579,2400,4907
929,0.419,30643.7,1181.44,31825.7,2402,4911
930,0.49,29656.4,1226.7,30883.8,2404,4915
931,0.471,61761,684.453,62446.2,2408,4923
932,0.481,48748.5,482.256,49231.4,2411,4930
933,0.822,29918.5,1329.15,31248.7,2413,4934
934,0.568,127069,1756.12,128826,2421,4950
935,0.737,75093.7,1664.79,76759.5,2426,4961
936,0.898,30152.5,2012.73,32166.3,2428,4965
937,451282,37756.7,2343.14,491383,2430,4969
938,0.565,97528.2,1538.79,99067.8,2436,4981
939,0.382,58694.2,416.452,59111.2,2440,4989
940,0.838,27557,1808.72,29366.8,2442,4993
941,0.631,0.356,3335.09,3336.29,2442,4993
942,0.415,85658.7,1197.26,86856.5,2448,5005
943,1.093,28415.9,1571.89,29989.1,2450,5009
944,0.305,94469.8,1677.29,96147.6,2456,5021
945,0.196,0.158,1997.25,1997.75,2456,5021
946,0.11,31232.3,1873.94,33106.6,2458,5025
947,0.342,0.147,2418.85,2419.55,2458,5025
948,0.245,94499.2,1710.89,96210.6,2464,5037
949,0.346,0.032,2851.31,2851.93,2464,5037
950,1.07,0.313,3099.51,3101.09,2464,5037
951,0.172,28310.7,1866.48,30177.6,2466,5041
952,0.441,57298.9,474.837,57774.3,2470,5049
953,0.509,0.235,1973.78,1974.73,2470,5049
954,0.257,66743.1,637.92,67381.6,2474,5057
955,0.781,31457.9,1820.64,33279.6,2476,5061
956,0.373,117022,1576.24,118599,2484,5077
957,0.751,117786,869.911,118656,2492,5093
958,0.293,112279,1093.64,113373,2500,5109
959,413513,34894.6,2747.94,451155,2502,5113
960,0.643,102258,1547.26,103806,2508,5125
961,0.665,34591.9,2369.39,36962.2,2510,5129
962,485069,36027.6,1852.32,522949,2512,5133
963,477621,38753.5,2152.88,518527,2514,5137
964,479073,63632.9,1790.44,544497,2518,5145
965,0.968,77387,1428.13,78816.4,2522,5153
966,0.673,31469.2,2223.03,33693.2,2524,5157
967,0.619,67444.1,1863.99,69308.9,2528,5165
968,373700,29689.8,1702.05,405092,2530,5169
969,0.356,63044.9,1573.45,64618.9,2534,5177
970,0.599,33701.3,1818.94,35521,2536,5181
971,471420,30934.8,2032.64,504387,2538,5185
972,0.592,36583.9,2430.46,39015.2,2540,5189
973,0.462,0.258,3197.97,3198.96,2540,5189
974,0.382,0.402,3369.76,3370.81,2540,5189
975,0.312,109753,1361.93,111115,2546,5201
976,0.59,15908.1,1453.42,17362.3,2547,5204
977,0.371,0.067,2160.85,2161.53,2547,5204
978,479424,68545.4,2164.62,550134,2551,5212
979,0.745,30323.3,1621.59,31945.7,2553,5216
980,0.561,0.221,1572.12,1573.04,2553,5216
981,0.182,0.293,2097.08,2097.75,2553,5216
982,0.228,0.324,2516.61,2517.3,2553,5216
983,0.219,0.327,1568.07,1568.75,2553,5216
984,0.129,0.105,1892.72,1893.1,2553,5216
985,0.134,80250,2078.88,82329.3,2557,5224
986,0.697,0.3,2968.64,2969.89,2557,5224
987,0.252,0.064,3061.36,3061.87,2557,5224
988,0.245,74948.9,1334.63,76284,2561,5232
989,0.591,64877.8,637.3,65516,2565,5240
990,0.484,102300,338.272,102639,2571,5252
991,502038,67627.5,1847.47,571514,2575,5260
992,0.47,0.206,2448.21,2449.07,2575,5260
993,0.374,0.303,2763.14,2764,2575,5260
994,0.324,0.25,2387.97,2388.8,2575,5260
995,0.307,36038.5,2309.64,38348.7,2577,5264
996,462371,30764.8,1835.01,494971,2579,5268
997,439406,29294.1,1621.55,470322,2581,5272
998,0.36,57767.5,412.183,58180.3,2585,5280
999,0.756,0.151,2810.05,2811.1,2585,5280
1000,1.25,63990.8,2130.15,66122.5,2589,5288
1001,0.759,66640.1,1150.09,67791.2,2593,5296
1002,0.535,31181.4,2401.93,33584.1,2595,5300
1003,0.609,121848,1691.28,123541,2603,5316
1004,0.495,122366,383.535,122751,2611,5332
1005,0.563,29069.2,1662.49,30732.4,2613,5336
1006,0.397,0.124,3376.82,3377.55,2613,5336
1007,0.155,46270.8,310.054,46581.2,2616,5343
1008,0.328,187372,1476.68,188849,2628,5367
1009,0.393,61455.8,2188.87,63645.3,2632,5375
1010,0.364,115388,2007.76,117397,2638,5387
1011,0.615,0.225,2714.05,2715.14,2638,5387
1012,0.303,75392.7,472.063,75865.3,2642,5395
1013,496557,61970.5,1818.37,560347,2646,5403
1014,1.349,0.549,3448.27,3450.48,2646,5403
1015,0.493,33910.7,1381.63,35293,2648,5407
1016,0.5,35458.6,2462.28,37921.6,2650,5411
1017,0.809,32231.6,2327.57,34560.3,2652,5415
1018,0.485,59603.6,642.732,60247,2656,5423
1019,494423,32492.8,1621.77,528538,2658,5427
1020,451600,31570.6,2619.34,485790,2660,5431
1021,0.604,0.063,2290.62,2291.55,2660,5431
1022,0.488,0.231,1985.92,1986.9,2660,5431
1023,0.24,31191.8,2254.74,33447,2662,5435
1024,0.586,69420.7,674.996,70096.5,2666,5443
1025,512891,32696.3,2856.53,548444,2668,5447
1026,506688,32810.6,2325.49,541824,2670,5451
1027,0.504,0.219,2981.99,2982.95,2670,5451
1028,0.383,0.066,2292.02,2292.64,2670,5451
1029,0.411,197597,1434.2,199032,2680,5471
1030,0.541,47029.3,1640.62,48670.6,2683,5478
1031,507367,75420.5,526.695,583314,2687,5486
1032,0.729,0.154,3323.24,3324.31,2687,5486
1033,0.438,34504.2,2378.07,36882.9,2689,5490
1034,0.934,99556.4,1602.87,101160,2695,5502
1035,0.384,0.235,3623.07,3623.93,2695,5502
1036,0.194,37090.2,2647.24,39737.9,2697,5506
1037,0.634,0.17,3815.59,3816.59,2697,5506
1038,0.374,213363,2172.11,215536,2709,5530
1039,0.69,0.189,2858.41,2859.53,2709,5530
1040,0.313,163855,2167.95,166023,2719,5550
1041,0.438,0.277,3888.07,3888.96,2719,5550
1042,0.382,73968.9,2141.62,76111.1,2723,5558
1043,0.61,80996.2,1646.87,82643.9,2727,5566
1044,0.427,0.229,3104.42,3105.32,2727,5566
1045,0.246,30761.2,3364.32,34126,2729,5570
1046,0.649,1.045,7399.25,7401.23,2729,5570
1047,0.655,202227,1742.9,203971,2741,5594
1048,0.536,0.082,2050.38,2051.25,2741,5594
1049,0.391,0.166,3284.3,3285.03,2741,5594
1050,1.471,0.516,4236.44,4238.61,2741,5594
1051,0.4,0.376,3319.01,3320.06,2741,5594
1052,0.231,63821.3,574.796,64396.6,2745,5602
1053,0.528,28662.7,1332.83,29996.2,2747,5606
1054,473528,47933.6,601.611,522064,2750,5613
1055,0.519,65946.8,426.025,66373.7,2754,5621
1056,0.654,73000.4,2483.64,75485,2758,5629
1057,525445,16399.3,2197.76,544043,2759,5632
1058,0.767,155113,2471.69,157586,2769,5652
1059,0.932,68809.8,523.815,69334.8,2773,5660
1060,0.638,32005.6,2612.33,34618.8,2775,5664
1061,497958,29366.8,1714.04,529039,2777,5668
1062,0.835,0.151,2545.26,2546.49,2777,5668
1063,0.373,28603.1,2851.07,31454.8,2779,5672
1064,0.734,0.127,4435.43,4436.56,2779,5672
1065,525236,66629.8,755.888,592622,2783,5680
1066,0.996,126656,2334.71,128992,2789,5692
1067,1.512,80971,624.163,81597,2793,5700
1068,522111,71198.3,2050,595359,2797,5708
1069,0.79,32851.1,2746.39,35598.6,2799,5712
1070,0.498,69511.7,2431.1,71943.6,2803,5720
1071,1.015,169337,1832.4,171171,2813,5740
1072,0.615,106590,2630.35,109221,2819,5752
1073,0.511,32355.3,3452.35,35808.5,2821,5756
1074,0.522,15276.2,1968.59,17245.6,2822,5759
1075,0.608,0.238,4355.06,4356.15,2822,5759
1076,1.273,113187,610.372,113799,2828,5771
1077,0.46,37106.2,3160.38,40267.3,2830,5775
1078,0.403,33515.3,2922.56,36438.4,2832,5779
1079,0.623,74185.1,544.828,74730.9,2836,5787
1080,0.509,31785.1,2544.11,34329.9,2838,5791
1081,482814,37916.6,3449.91,524181,2840,5795
1082,0.398,0.338,2547.63,2548.59,2840,5795
1083,0.222,143013,1944.03,144957,2848,5811
1084,0.514,146979,2801.36,149781,2856,5827
1085,0.475,33654,2413.22,36068,2858,5831
1086,0.665,0.29,3055.32,3056.54,2858,5831
1087,0.428,15027.3,2660.48,17688.4,2859,5834
1088,0.643,0.418,4182.31,4183.64,2859,5834
1089,532415,38254.7,2815.18,573485,2861,5838
1090,1.183,36588.9,2906.14,39496.5,2863,5842
1091,0.546,227963,2472.46,230436,2877,5870
1092,0.588,68876.1,2088.51,70965.4,2881,5878
1093,490161,34134,2772.91,527068,2883,5882
1094,0.522,0.468,3784.07,3785.26,2883,5882
1095,0.261,14178,1752.12,15930.5,2884,5885
1096,0.534,67695.4,2260.9,69957.1,2888,5893
1097,0.583,0.141,4689.44,4690.4,2888,5893
1098,0.246,99869,2079.38,101949,2894,5905
1099,0.386,0.246,3831.33,3832.23,2894,5905
1100,0.83,30730.8,2487.35,33219.2,2896,5909
1101,0.487,0.255,2706.84,2707.83,2896,5909
1102,0.28,0.317,3601.61,3602.44,2896,5909
1103,0.398,0.103,2212.66,2213.41,2896,5909
1104,0.266,0.374,2807.55,2808.45,2896,5909
1105,0.197,68760.8,2463.03,71224.2,2900,5917
1106,0.673,97662.9,1793.81,99457.6,2906,5929
1107,544586,70650.1,2776.26,618013,2910,5937
1108,0.741,0.044,4087.8,4088.9,2910,5937
1109,1.286,32333.3,2865.41,35200.3,2912,5941
1110,0.636,30327.5,2950.73,33279.1,2914,5945
1111,1.205,111542,1548.89,113092,2920,5957
1112,0.588,0.162,3342.69,3343.64,2920,5957
1113,0.209,31717.3,3093.85,34811.6,2922,5961
1114,0.47,0.471,2223.04,2224.16,2922,5961
1115,0.341,67171.1,2082.79,69254.5,2926,5969
1116,0.649,34550.9,2849.38,37401.1,2928,5973
1117,0.742,0.348,4238.23,4239.54,2928,5973
1118,0.325,31887.6,3135.54,35023.8,2930,5977
1119,0.57,33582,2381.63,35964.4,2932,5981
1120,0.421,0.215,2474.55,2475.4,2932,5981
1121,0.231,0.32,2594.02,2594.73,2932,5981
1122,0.273,0.267,2734.05,2734.8,2932,5981
1123,0.256,108666,2248.57,110916,2939,5996
1124,0.593,110281,1926.98,112209,2946,6011
1125,500359,36203.3,2592.49,539155,2948,6015
1126,0.503,0.555,3887.49,3888.76,2948,6015
1127,0.273,59222.4,644.901,59867.8,2952,6023
1128,562966,35503.5,2209.06,600679,2954,6027
1129,0.386,0.182,2077.48,2078.25,2954,6027
1130,1.098,33413.9,2757.81,36173.1,2956,6031
1131,1.609,74538.1,609.481,75149.4,2960,6039
1132,0.466,114753,531.059,115285,2966,6051
1133,0.311,0.381,4745.06,4745.97,2966,6051
1134,496456,32321.1,2931.33,531709,2968,6055
1135,0.92,31136.3,2538.66,33676.2,2970,6059
1136,0.349,0.319,3182.35,3183.26,2970,6059
1137,0.462,30376.4,3245.32,33622.4,2972,6063
1138,0.553,70905.6,2537.45,73443.9,2976,6071
1139,0.501,29840.4,2853.47,32694.6,2978,6075
1140,0.617,119254,2484.31,121739,2985,6090
1141,0.452,0.126,3871.9,3872.73,2985,6090
1142,0.395,225766,2303.78,228071,2997,6114
1143,0.53,35708.6,3220.28,38929.6,2999,6118
1144,0.613,79656.9,645.732,80303.5,3003,6126
1145,0.382,116078,2011.86,118091,3009,6138
1146,0.363,0.103,2857.16,2857.84,3009,6138
1147,0.21,29367.2,2376.65,31744.3,3011,6142
1148,0.358,0.191,2895.34,2896.1,3011,6142
1149,0.35,35207.4,3397.91,38605.9,3013,6146
1150,0.507,0.234,5109.6,5110.62,3013,6146
1151,0.495,0.206,2500.9,2501.85,3013,6146
1152,0.331,48828.2,607.036,49435.9,3016,6153
1153,0.609,226291,2233.88,228526,3028,6177
1154,0.383,0.186,4602.92,4603.7,3028,6177
1155,0.387,130121,2125.82,132248,3036,6193
1156,0.569,136459,2497.15,138957,3044,6209
1157,0.764,0.25,3807.64,3808.91,3044,6209
1158,0.316,0.117,3621.01,3621.7,3044,6209
1159,0.381,38316.2,2704.42,41021.3,3046,6213
1160,519225,36737.8,2359.81,558323,3048,6217
1161,0.633,0.304,4420.86,4422,3048,6217
1162,0.263,0.262,4521.01,4521.73,3048,6217
1163,0.291,34873.2,2879.05,37752.8,3050,6221
1164,0.741,0.229,5333.31,5334.56,3050,6221
1165,582433,37401.7,3263.46,623098,3052,6225
1166,0.725,74966.2,2475.05,77442.3,3056,6233
1167,574617,35345.2,3507.78,613471,3058,6237
1168,0.519,0.157,5365.57,5366.41,3058,6237
1169,0.474,99643.1,2016.99,101661,3064,6249
1170,0.717,35344.6,3807.91,39153.5,3066,6253
1171,0.804,29740.4,2708.39,32449.9,3068,6257
1172,0.5,209137,2057.97,211196,3080,6281
1173,0.576,35889.8,3298.66,39189.3,3082,6285
1174,526217,31409.2,3471.94,561099,3084,6289
1175,0.526,93907.1,453.447,94361.3,3090,6301
1176,0.393,150587,2355.91,152943,3100,6321
1177,0.445,33086.8,2916.18,36003.6,3102,6325
1178,0.428,107182,2379.57,109562,3108,6337
1179,0.505,30071.3,2783.68,32855.7,3110,6341
1180,0.494,143714,2107.31,145822,3118,6357
1181,0.408,106259,2076.18,108336,3124,6369
1182,0.309,35942.4,2887.52,38830.5,3126,6373
1183,0.369,29294.5,2705.51,32000.6,3128,6377
1184,0.588,0.206,5464.16,5465.2,3128,6377
1185,0.36,0.213,3527.78,3528.59,3128,6377
1186,0.4,179481,2652.55,182134,3138,6397
1187,0.375,68291,737.352,69029,3142,6405
1188,0.526,214065,1921.44,215987,3154,6429
1189,0.585,0.214,5139.91,5140.93,3154,6429
1190,0.779,73975.2,592.429,74568.7,3158,6437
1191,0.649,148114,2761.76,150877,3166,6453
1192,1.199,37344.7,3033.98,40380.1,3168,6457
1193,622053,32596.7,3264.4,657915,3170,6461
1194,0.573,0.296,6636.56,6637.68,3170,6461
1195,0.3,34652.6,3320.64,37973.8,3172,6465
1196,0.402,32898.8,2612.52,35512,3174,6469
1197,0.414,33039.9,3442.14,36482.7,3176,6473
1198,0.523,32505.8,3582.48,36089,3178,6477
1199,0.484,0.436,4596.51,4597.69,3178,6477
1200,1.063,0.498,4252.86,4254.62,3178,6477
1201,0.166,0.266,2599.39,2600.04,3178,6477
1202,0.352,0.301,4250.31,4251.22,3178,6477
1203,0.542,69889.4,634.607,70524.8,3182,6485
1204,0.593,0.392,5692.19,5693.43,3182,6485
1205,600107,37578.6,2818.92,640505,3184,6489
1206,514121,34327,3772.56,552220,3186,6493
1207,0.741,106686,516.767,107203,3192,6505
1208,0.51,65432.4,2194.5,67627.6,3196,6513
1209,0.704,0.106,5024.7,5025.72,3196,6513
1210,526205,29930,2642.84,558779,3198,6517
1211,0.372,90676.8,1987.23,92664.6,3204,6529
1212,0.434,107381,1781.51,109163,3210,6541
1213,0.361,27755.1,2958.85,30714.5,3212,6545
1214,0.478,77312.2,2467.73,79780.6,3217,6556
1215,0.424,125008,2860.55,127870,3225,6572
1216,0.617,30134.3,2685.43,32820.6,3227,6576
1217,1.167,0.346,4642.17,4643.88,3227,6576
1218,0.405,37730.9,2924.92,40656.5,3229,6580
1219,0.552,45076.5,709.339,45786.6,3232,6587
1220,0.423,69164.6,708.966,69874.2,3236,6595
1221,0.433,30074.6,2678.61,32753.9,3238,6599
1222,0.366,173766,2278.47,176045,3248,6619
1223,0.388,199388,2505.13,201894,3260,6643
1224,0.518,0.404,4592.57,4593.72,3260,6643
1225,0.255,30484.8,3317.21,33802.5,3262,6647
1226,543979,30469.7,2384.83,576834,3264,6651
1227,0.462,65967.8,2476.07,68444.6,3268,6659
1228,0.538,63536.7,2635.53,66173,3272,6667
1229,0.39,0.035,3852.66,3853.31,3272,6667
1230,0.252,13579.2,2357.64,15937.2,3273,6670
1231,0.622,65486.9,2435.42,67923.3,3277,6678
1232,12.033,69380.9,2980.3,72373.5,3281,6686
1233,0.664,33627.9,2916.96,36545.7,3283,6690
1234,0.454,30494.3,2736.26,33231.3,3285,6694
1235,0.602,33745.4,4208.42,37954.7,3287,6698
1236,0.485,31582.1,2941.03,34523.8,3289,6702
1237,0.536,64761.8,862.617,65625.2,3293,6710
1238,0.662,34868,3070.43,37939.3,3295,6714
1239,0.815,0.218,4826.82,4828.1,3295,6714
1240,0.371,0.17,4028.38,4029.18,3295,6714
1241,0.374,154356,2562.41,156919,3305,6734
1242,0.512,91961.8,544.287,92506.7,3311,6746
1243,0.327,0.262,3824.75,3825.47,3311,6746
1244,0.317,0.156,2560.96,2561.64,3311,6746
1245,622955,32191.1,2660.07,657806,3313,6750
1246,628024,64482.5,2180.61,694687,3317,6758
1247,0.599,0.144,5417.93,5418.88,3317,6758
1248,0.279,31213.5,3417.53,34631.5,3319,6762
1249,0.747,67140.4,697.101,67838.4,3323,6770
1250,623252,32907.2,2582.31,658741,3325,6774
1251,0.491,0.123,5695.19,5696.01,3325,6774
1252,0.913,110750,2590.74,113342,3331,6786
1253,0.778,67260.5,2830.11,70091.7,3335,6794
1254,621473,38494.8,3794.89,663763,3337,6798
1255,1.518,67483.1,2341.14,69825.9,3341,6806
1256,0.452,132784,2761.35,135546,3349,6822
1257,0.616,32116.5,3344.08,35461.5,3351,6826
1258,0.639,141844,2391.23,144236,3359,6842
1259,0.448,103955,2247.73,106203,3365,6854
1260,0.328,67963.1,647.017,68610.7,3369,6862
1261,0.567,65855.4,830.387,66686.6,3373,6870
1262,0.595,0.22,6522.65,6523.71,3373,6870
1263,0.62,0.235,6625.06,6626.2,3373,6870
1264,0.5,32891.7,3085.98,35978.4,3375,6874
1265,0.38,0.164,3840.32,3841.07,3375,6874
1266,0.387,0.084,2591.48,2592.16,3375,6874
1267,0.254,0.42,5486.91,5487.86,3375,6874
1268,0.445,0.228,5197.98,5198.86,3375,6874
1269,1.052,31231.7,3659.54,34892.6,3377,6878
1270,0.578,67432,624.135,68057,3381,6886
1271,0.488,184273,3148.38,187422,3391,6906
1272,0.816,88291.4,2735.45,91027.9,3396,6917
1273,0.624,0.272,5961.78,5962.93,3396,6917
1274,0.414,29969.9,3473.63,33444.2,3398,6921
1275,0.791,107359,2502.78,109862,3404,6933
1276,0.583,0.171,5834.35,5835.39,3404,6933
1277,0.69,30225.4,3676.32,33902.6,3406,6937
1278,0.522,131756,2951.53,134709,3414,6953
1279,0.651,33004.7,3579.8,36585.4,3416,6957
1280,646477,40303.6,3832.32,690613,3418,6961
1281,0.922,103416,2609.19,106026,3424,6973
1282,0.55,201197,2404.99,203602,3434,6993
1283,564971,38045.3,4191.49,607209,3436,6997
1284,0.984,122433,3103.88,125538,3442,7009
1285,0.582,0.383,6749.53,6750.66,3442,7009
1286,551402,30791.9,4399.97,586595,3444,7013
1287,0.846,81643.9,2977.31,84622.3,3448,7021
1288,0.53,231120,2934.38,234055,3460,7045
1289,0.646,194721,2758.13,197480,3470,7065
1290,0.711,98981.9,2832.34,101815,3476,7077
1291,0.48,96020.9,773.055,96794.6,3482,7089
1292,645475,30992.4,3745.17,680213,3484,7093
